<?xml version="1.0" encoding="UTF-8"?>
<project-private xmlns="http://www.netbeans.org/ns/project-private/1">
    <editor-bookmarks xmlns="http://www.netbeans.org/ns/editor-bookmarks/2" lastBookmarkId="0"/>
    <open-files xmlns="http://www.netbeans.org/ns/projectui-open-files/2">
        <group>
            <file>file:/C:/Users/USER/OneDrive/Documents/NetBeansProjects/OnlineBookStoreWebApp/src/java/za/ac/tut/web/CartServlet.java</file>
            <file>file:/C:/Users/USER/OneDrive/Documents/NetBeansProjects/OnlineBookStoreWebApp/web/logout.jsp</file>
            <file>file:/C:/Users/USER/OneDrive/Documents/NetBeansProjects/OnlineBookStoreWebApp/web/bookList.jsp</file>
            <file>file:/C:/Users/USER/OneDrive/Documents/NetBeansProjects/OnlineBookStoreWebApp/src/java/za/ac/tut/web/LoginServlet.java</file>
            <file>file:/C:/Users/USER/OneDrive/Documents/NetBeansProjects/OnlineBookStoreWebApp/web/register.jsp</file>
            <file>file:/C:/Users/USER/OneDrive/Documents/NetBeansProjects/OnlineBookStoreWebApp/web/authentication.jsp</file>
            <file>file:/C:/Users/USER/OneDrive/Documents/NetBeansProjects/OnlineBookStoreWebApp/src/java/za/ac/tut/dao/BookDAO.java</file>
            <file>file:/C:/Users/USER/OneDrive/Documents/NetBeansProjects/OnlineBookStoreWebApp/web/WEB-INF/web.xml</file>
            <file>file:/C:/Users/USER/OneDrive/Documents/NetBeansProjects/OnlineBookStoreWebApp/src/java/za/ac/tut/web/BookServlet.java</file>
            <file>file:/C:/Users/USER/OneDrive/Documents/NetBeansProjects/OnlineBookStoreWebApp/web/welcome.jsp</file>
            <file>file:/C:/Users/USER/OneDrive/Documents/NetBeansProjects/OnlineBookStoreWebApp/web/cart.jsp</file>
            <file>file:/C:/Users/USER/OneDrive/Documents/NetBeansProjects/OnlineBookStoreWebApp/src/java/za/ac/tut/model/Book.java</file>
            <file>file:/C:/Users/USER/OneDrive/Documents/NetBeansProjects/OnlineBookStoreWebApp/web/login.jsp</file>
            <file>file:/C:/Users/USER/OneDrive/Documents/NetBeansProjects/OnlineBookStoreWebApp/web/books.jsp</file>
        </group>
    </open-files>
</project-private>
